{
  "version": "1.1.1",
  "windows": {
    "main": {
      "main": true,
      "url": "app://editor/index.html",
      "windowType": "dockable",
      "x": 0,
      "y": 0,
      "width": 1920,
      "height": 1040,
      "layout": {
        "children": [
          {
            "children": [
              {
                "active": 0,
                "children": [
                  "hierarchy"
                ],
                "height": 536,
                "type": "panel",
                "width": 204
              },
              {
                "active": 0,
                "children": [
                  "assets"
                ],
                "height": 383,
                "type": "panel",
                "width": 204
              }
            ],
            "height": 922,
            "type": "dock-v",
            "width": 204
          },
          {
            "children": [
              {
                "children": [
                  {
                    "active": 0,
                    "children": [
                      "inspector"
                    ],
                    "height": 653,
                    "type": "panel",
                    "width": 304
                  },
                  {
                    "active": 0,
                    "children": [
                      "node-library"
                    ],
                    "height": 653,
                    "type": "panel",
                    "width": 299
                  },
                  {
                    "active": 0,
                    "children": [
                      "scene"
                    ],
                    "height": 653,
                    "type": "panel",
                    "width": 1087.984375
                  }
                ],
                "height": 653,
                "type": "dock-h",
                "width": 1696.984375
              },
              {
                "active": 0,
                "children": [
                  "console",
                  "timeline",
                  "game-window"
                ],
                "height": 266,
                "type": "panel",
                "width": 1696.984375
              }
            ],
            "height": 922,
            "type": "dock-v",
            "width": 1696.984375
          }
        ],
        "type": "dock-h"
      },
      "panels": [
        "hierarchy",
        "assets",
        "inspector",
        "node-library",
        "scene",
        "console",
        "timeline",
        "game-window"
      ]
    }
  },
  "panels": {
    "preferences": {
      "x": 483,
      "y": 303,
      "width": 600,
      "height": 565
    }
  },
  "panelLabelWidth": {
    "inspector": null,
    "preferences": null
  },
  "panelLabelWidth.inspector": null,
  "panelLabelWidth.preferences": null
}
