{
  "9836134e-b892-4283-b6b2-78b5acf3ed45": {
    "asset": 1594734440043,
    "meta": 1571300046000,
    "relativePath": "effects"
  },
  "f8e6b000-5643-4b86-9080-aa680ce1f599": {
    "asset": 1594734440184,
    "meta": 1571300046000,
    "relativePath": "image"
  },
  "5c3eedba-6c41-4c0c-9ba7-d91f813cbd1c": {
    "asset": 1594734440197,
    "meta": 1571300046000,
    "relativePath": "materials"
  },
  "fc09f9bd-2cce-4605-b630-8145ef809ed6": {
    "asset": 1594734440209,
    "meta": 1571300046000,
    "relativePath": "misc"
  },
  "db019bf7-f71c-4111-98cf-918ea180cb48": {
    "asset": 1594734440284,
    "meta": 1571300046000,
    "relativePath": "model"
  },
  "e39e96e6-6f6e-413f-bcf1-ac7679bb648a": {
    "asset": 1594734440271,
    "meta": 1571300046000,
    "relativePath": "model\\prefab"
  },
  "f6e6dd15-71d1-4ffe-ace7-24fd39942c05": {
    "asset": 1594734440302,
    "meta": 1571300046000,
    "relativePath": "obsolete"
  },
  "f743d2b6-b7ea-4c14-a55b-547ed4d0a045": {
    "asset": 1594734440320,
    "meta": 1571300046000,
    "relativePath": "particle"
  },
  "ae6c6c98-11e4-452f-8758-75f5c6a56e83": {
    "asset": 1594734489767,
    "meta": 1571300046000,
    "relativePath": "prefab"
  },
  "a3ee0214-b432-4865-9666-4a3211814282": {
    "asset": 1594734489764,
    "meta": 1571300046000,
    "relativePath": "prefab\\light"
  },
  "d8afc78c-4eac-4a9f-83dd-67bc70344d33": {
    "asset": 1594734440573,
    "meta": 1571300046000,
    "relativePath": "resources"
  },
  "294c1663-4adf-4a1e-a795-53808011a38a": {
    "asset": 1594734440522,
    "meta": 1571300046000,
    "relativePath": "resources\\effects"
  },
  "bbee2217-c261-49bd-a8ce-708d6bcc3500": {
    "asset": 1594734440569,
    "meta": 1571300046000,
    "relativePath": "resources\\materials"
  },
  "f26d0790-a875-44b8-978b-bf66ec705f33": {
    "asset": 1595056630850,
    "meta": 1594820128402,
    "relativePath": "images"
  },
  "a86d9322-f6ee-4ca5-a935-c92db4bc934e": {
    "asset": 1595168463255,
    "meta": 1594820165877,
    "relativePath": "script"
  },
  "0a9be0c1-1b6f-4627-8a4d-07535023e4ff": {
    "asset": 1595168156075,
    "meta": 1595168156098,
    "relativePath": "Playername.fire"
  },
  "43c8705f-dd1f-47ff-98af-5b32f5cb4fe8": {
    "asset": 1595168134313,
    "meta": 1595168134332,
    "relativePath": "battle.fire"
  },
  "1d95b14c-97de-4e4e-9c69-f6f2e9a5baef": {
    "asset": 1595167671678,
    "meta": 1595167671699,
    "relativePath": "display.fire"
  },
  "8ce22d9d-e738-4636-b20b-374e299fbcb7": {
    "asset": 1594893483242,
    "meta": 1594893483337,
    "relativePath": "images\\Bg.png"
  },
  "5041be1f-3e5e-40e0-b23c-fbc8626922ac": {
    "asset": 1594896374321,
    "meta": 1594896374354,
    "relativePath": "images\\01.png"
  },
  "b93cd21b-1782-40bb-8a50-3267e90c1c41": {
    "asset": 1594896374321,
    "meta": 1594896374360,
    "relativePath": "images\\03.png"
  },
  "523dc91b-fad4-474f-90ca-90dec5f2c4ce": {
    "asset": 1594896374321,
    "meta": 1594896374377,
    "relativePath": "images\\02.png"
  },
  "58a7402d-4b53-4a93-aa15-db4b45af878e": {
    "asset": 1595056630848,
    "meta": 1595056630888,
    "relativePath": "images\\Bg01.png"
  },
  "b2687ac4-099e-403c-a192-ff477686f4f5": {
    "asset": 1571300046000,
    "meta": 1595149242847,
    "relativePath": "particle\\atom.plist"
  },
  "b8223619-7e38-47c4-841f-9160c232495a": {
    "asset": 1571300046000,
    "meta": 1595149242849,
    "relativePath": "obsolete\\atom.plist"
  },
  "32044bd2-481f-4cf1-a656-e2b2fb1594eb": {
    "asset": 1571300046000,
    "meta": 1595149242493,
    "relativePath": "prefab\\scrollview.prefab"
  },
  "0004d1cf-a0ad-47d8-ab17-34d3db9d35a3": {
    "asset": 1571300046000,
    "meta": 1595149242503,
    "relativePath": "prefab\\slider.prefab"
  },
  "1f55e3be-b89b-4b79-88de-47fd31018044": {
    "asset": 1571300046000,
    "meta": 1595149242510,
    "relativePath": "prefab\\sprite_splash.prefab"
  },
  "96083d03-c332-4a3f-9386-d03e2d19e8ee": {
    "asset": 1571300046000,
    "meta": 1595149242523,
    "relativePath": "prefab\\sprite.prefab"
  },
  "7de03a80-4457-438d-95a7-3e7cdffd6086": {
    "asset": 1571300046000,
    "meta": 1595149242550,
    "relativePath": "prefab\\tiledmap.prefab"
  },
  "0e42ba95-1fa1-46aa-b2cf-143cd1bcee2c": {
    "asset": 1571300046000,
    "meta": 1595149242565,
    "relativePath": "prefab\\tiledtile.prefab"
  },
  "0d784963-d024-4ea6-a7db-03be0ad63010": {
    "asset": 1571300046000,
    "meta": 1595149242577,
    "relativePath": "prefab\\toggle.prefab"
  },
  "bf0a434c-84dd-4a8e-a08a-7a36f180cc75": {
    "asset": 1571300046000,
    "meta": 1595149242587,
    "relativePath": "prefab\\toggleContainer.prefab"
  },
  "d1b8be49-b0a0-435c-83b7-552bed4bbe35": {
    "asset": 1571300046000,
    "meta": 1595149242601,
    "relativePath": "prefab\\toggleGroup.prefab"
  },
  "232d2782-c4bd-4bb4-9e01-909f03d6d3b9": {
    "asset": 1571300046000,
    "meta": 1595149242605,
    "relativePath": "prefab\\videoplayer.prefab"
  },
  "8c5001fd-07ee-4a4b-a8a0-63e15195e94d": {
    "asset": 1571300046000,
    "meta": 1595149242735,
    "relativePath": "prefab\\webview.prefab"
  },
  "144c3297-af63-49e8-b8ef-1cfa29b3be28": {
    "asset": 1571300046000,
    "meta": 1595149242689,
    "relativePath": "resources\\effects\\builtin-2d-gray-sprite.effect"
  },
  "0e93aeaa-0b53-4e40-b8e0-6268b4e07bd7": {
    "asset": 1571300046000,
    "meta": 1595149242705,
    "relativePath": "resources\\effects\\builtin-2d-spine.effect"
  },
  "2874f8dd-416c-4440-81b7-555975426e93": {
    "asset": 1571300046000,
    "meta": 1595149242719,
    "relativePath": "resources\\effects\\builtin-2d-sprite.effect"
  },
  "c0040c95-c57f-49cd-9cbc-12316b73d0d4": {
    "asset": 1571300046000,
    "meta": 1595149242764,
    "relativePath": "resources\\effects\\builtin-clear-stencil.effect"
  },
  "79eafaef-b7ef-45d9-9c3f-591dc836fc7a": {
    "asset": 1571300046000,
    "meta": 1595149242794,
    "relativePath": "resources\\effects\\builtin-unlit-transparent.effect"
  },
  "6d91e591-4ce0-465c-809f-610ec95019c6": {
    "asset": 1571300046000,
    "meta": 1595149242798,
    "relativePath": "resources\\effects\\builtin-unlit.effect"
  },
  "3a7bb79f-32fd-422e-ada2-96f518fed422": {
    "asset": 1571300046000,
    "meta": 1595149242810,
    "relativePath": "resources\\materials\\builtin-2d-gray-sprite.mtl"
  },
  "6f801092-0c37-4f30-89ef-c8d960825b36": {
    "asset": 1571300046000,
    "meta": 1595149242805,
    "relativePath": "resources\\materials\\builtin-2d-base.mtl"
  },
  "7afd064b-113f-480e-b793-8817d19f63c3": {
    "asset": 1571300046000,
    "meta": 1595149242815,
    "relativePath": "resources\\materials\\builtin-2d-spine.mtl"
  },
  "eca5d2f2-8ef6-41c2-bbe6-f9c79d09c432": {
    "asset": 1571300046000,
    "meta": 1595149242818,
    "relativePath": "resources\\materials\\builtin-2d-sprite.mtl"
  },
  "cf7e0bb8-a81c-44a9-ad79-d28d43991032": {
    "asset": 1571300046000,
    "meta": 1595149242823,
    "relativePath": "resources\\materials\\builtin-clear-stencil.mtl"
  },
  "2a296057-247c-4a1c-bbeb-0548b6c98650": {
    "asset": 1571300046000,
    "meta": 1595149242827,
    "relativePath": "resources\\materials\\builtin-unlit.mtl"
  },
  "430eccbf-bf2c-4e6e-8c0c-884bbb487f32": {
    "asset": 1571300046000,
    "meta": 1595060304911,
    "relativePath": "effects\\__builtin-editor-gizmo-line.effect"
  },
  "6c5cf6e1-b044-4eac-9431-835644d57381": {
    "asset": 1571300046000,
    "meta": 1595060304940,
    "relativePath": "effects\\__builtin-editor-gizmo-unlit.effect"
  },
  "61aeb05b-3b32-452b-8eed-2b76deeed554": {
    "asset": 1571300046000,
    "meta": 1595149242374,
    "relativePath": "prefab\\editbox.prefab"
  },
  "27756ebb-3d33-44b0-9b96-e858fadd4dd4": {
    "asset": 1571300046000,
    "meta": 1595149242384,
    "relativePath": "prefab\\label.prefab"
  },
  "785a442c-3ceb-45be-a46e-7317f625f3b9": {
    "asset": 1571300046000,
    "meta": 1595149242392,
    "relativePath": "prefab\\layout.prefab"
  },
  "61906da3-7003-4bda-9abc-5769c76faee4": {
    "asset": 1571300046000,
    "meta": 1595149242402,
    "relativePath": "prefab\\light\\ambient.prefab"
  },
  "ddb99b39-7004-47cd-9705-751905c43c46": {
    "asset": 1571300046000,
    "meta": 1595149242410,
    "relativePath": "prefab\\light\\directional.prefab"
  },
  "0cf30284-9073-46bc-9eba-e62b69dbbff3": {
    "asset": 1571300046000,
    "meta": 1595149242417,
    "relativePath": "prefab\\light\\point.prefab"
  },
  "f5331fd2-bf42-4ee3-a3fd-3e1657600eff": {
    "asset": 1571300046000,
    "meta": 1595149242425,
    "relativePath": "prefab\\light\\spot.prefab"
  },
  "ca8401fe-ad6e-41a8-bd46-8e3e4e9945be": {
    "asset": 1571300046000,
    "meta": 1595149242440,
    "relativePath": "prefab\\pageview.prefab"
  },
  "cd33edea-55f5-46c2-958d-357a01384a36": {
    "asset": 1571300046000,
    "meta": 1595149242457,
    "relativePath": "prefab\\particlesystem.prefab"
  },
  "5965ffac-69da-4b55-bcde-9225d0613c28": {
    "asset": 1571300046000,
    "meta": 1595149242465,
    "relativePath": "prefab\\progressBar.prefab"
  },
  "4a37dd57-78cd-4cec-aad4-f11a73d12b63": {
    "asset": 1571300046000,
    "meta": 1595149242484,
    "relativePath": "prefab\\richtext.prefab"
  },
  "954fec8b-cd16-4bb9-a3b7-7719660e7558": {
    "asset": 1571300046000,
    "meta": 1595149245690,
    "relativePath": "model\\primitives.fbx"
  },
  "115286d1-2e10-49ee-aab4-341583f607e8": {
    "asset": 1571300046000,
    "meta": 1595141947425,
    "relativePath": "effects\\__builtin-editor-gizmo.effect"
  },
  "abc2cb62-7852-4525-a90d-d474487b88f2": {
    "asset": 1571300046000,
    "meta": 1595141947429,
    "relativePath": "effects\\builtin-phong.effect"
  },
  "e851e89b-faa2-4484-bea6-5c01dd9f06e2": {
    "asset": 1571300046000,
    "meta": 1595141947448,
    "relativePath": "image\\default_btn_normal.png"
  },
  "71561142-4c83-4933-afca-cb7a17f67053": {
    "asset": 1571300046000,
    "meta": 1595141947451,
    "relativePath": "image\\default_btn_disabled.png"
  },
  "b43ff3c2-02bb-4874-81f7-f2dea6970f18": {
    "asset": 1571300046000,
    "meta": 1595141947461,
    "relativePath": "image\\default_btn_pressed.png"
  },
  "edd215b9-2796-4a05-aaf5-81f96c9281ce": {
    "asset": 1571300046000,
    "meta": 1595141947464,
    "relativePath": "image\\default_editbox_bg.png"
  },
  "d81ec8ad-247c-4e62-aa3c-d35c4193c7af": {
    "asset": 1571300046000,
    "meta": 1595141947475,
    "relativePath": "image\\default_panel.png"
  },
  "99170b0b-d210-46f1-b213-7d9e3f23098a": {
    "asset": 1571300046000,
    "meta": 1595141947478,
    "relativePath": "image\\default_progressbar_bg.png"
  },
  "cfef78f1-c8df-49b7-8ed0-4c953ace2621": {
    "asset": 1571300046000,
    "meta": 1595141947488,
    "relativePath": "image\\default_progressbar.png"
  },
  "567dcd80-8bf4-4535-8a5a-313f1caf078a": {
    "asset": 1571300046000,
    "meta": 1595141947491,
    "relativePath": "image\\default_radio_button_off.png"
  },
  "9d60001f-b5f4-4726-a629-2659e3ded0b8": {
    "asset": 1571300046000,
    "meta": 1595141947505,
    "relativePath": "image\\default_radio_button_on.png"
  },
  "4bab67cb-18e6-4099-b840-355f0473f890": {
    "asset": 1571300046000,
    "meta": 1595141947510,
    "relativePath": "image\\default_scrollbar_bg.png"
  },
  "617323dd-11f4-4dd3-8eec-0caf6b3b45b9": {
    "asset": 1571300046000,
    "meta": 1595141947521,
    "relativePath": "image\\default_scrollbar_vertical_bg.png"
  },
  "d6d3ca85-4681-47c1-b5dd-d036a9d39ea2": {
    "asset": 1571300046000,
    "meta": 1595141947524,
    "relativePath": "image\\default_scrollbar_vertical.png"
  },
  "0291c134-b3da-4098-b7b5-e397edbe947f": {
    "asset": 1571300046000,
    "meta": 1595141947533,
    "relativePath": "image\\default_scrollbar.png"
  },
  "0275e94c-56a7-410f-bd1a-fc7483f7d14a": {
    "asset": 1571300046000,
    "meta": 1595141947538,
    "relativePath": "image\\default_sprite_splash.png"
  },
  "6e056173-d285-473c-b206-40a7fff5386e": {
    "asset": 1571300046000,
    "meta": 1595141947551,
    "relativePath": "image\\default_sprite.png"
  },
  "73a0903d-d80e-4e3c-aa67-f999543c08f5": {
    "asset": 1571300046000,
    "meta": 1595141947554,
    "relativePath": "image\\default_toggle_checkmark.png"
  },
  "c25b9d50-c8fc-4d27-beeb-6e7c1f2e5c0f": {
    "asset": 1571300046000,
    "meta": 1595141947564,
    "relativePath": "image\\default_toggle_disabled.png"
  },
  "d29077ba-1627-4a72-9579-7b56a235340c": {
    "asset": 1571300046000,
    "meta": 1595141947567,
    "relativePath": "image\\default_toggle_normal.png"
  },
  "c4480a0a-6ac5-443f-8b40-361a14257fc8": {
    "asset": 1571300046000,
    "meta": 1595141947570,
    "relativePath": "materials\\builtin-phong.mtl"
  },
  "2be36297-9abb-4fee-8049-9ed5e271da8a": {
    "asset": 1571300046000,
    "meta": 1595141947575,
    "relativePath": "misc\\default_video.mp4"
  },
  "a87cc147-01b2-43f8-8e42-a7ca90b0c757": {
    "asset": 1571300046000,
    "meta": 1595141947579,
    "relativePath": "model\\prefab\\box.prefab"
  },
  "b181c1e4-0a72-4a91-bfb0-ae6f36ca60bd": {
    "asset": 1571300046000,
    "meta": 1595141947581,
    "relativePath": "image\\default_toggle_pressed.png"
  },
  "fe1417b6-fe6b-46a4-ae7c-9fd331f33a2a": {
    "asset": 1571300046000,
    "meta": 1595141947584,
    "relativePath": "model\\prefab\\capsule.prefab"
  },
  "b5fc2cf2-7942-483d-be1f-bbeadc4714ad": {
    "asset": 1571300046000,
    "meta": 1595141947587,
    "relativePath": "model\\prefab\\cone.prefab"
  },
  "1c5e4038-953a-44c2-b620-0bbfc6170477": {
    "asset": 1571300046000,
    "meta": 1595141947598,
    "relativePath": "model\\prefab\\cylinder.prefab"
  },
  "3f376125-a699-40ca-ad05-04d662eaa1f2": {
    "asset": 1571300046000,
    "meta": 1595141947604,
    "relativePath": "model\\prefab\\plane.prefab"
  },
  "6c9ef10d-b479-420b-bfe6-39cdda6a8ae0": {
    "asset": 1571300046000,
    "meta": 1595141947610,
    "relativePath": "model\\prefab\\quad.prefab"
  },
  "2d9a4b85-b0ab-4c46-84c5-18f393ab2058": {
    "asset": 1571300046000,
    "meta": 1595141947613,
    "relativePath": "model\\prefab\\sphere.prefab"
  },
  "de510076-056b-484f-b94c-83bef217d0e1": {
    "asset": 1571300046000,
    "meta": 1595141947615,
    "relativePath": "model\\prefab\\torus.prefab"
  },
  "8a96b965-2dc0-4e03-aa90-3b79cb93b5b4": {
    "asset": 1571300046000,
    "meta": 1595141947626,
    "relativePath": "obsolete\\atom.png"
  },
  "d0a82d39-bede-46c4-b698-c81ff0dedfff": {
    "asset": 1571300046000,
    "meta": 1595141947632,
    "relativePath": "particle\\atom.png"
  },
  "972b9a4d-47ee-4c74-b5c3-61d8a69bc29f": {
    "asset": 1571300046000,
    "meta": 1595141947634,
    "relativePath": "prefab\\button.prefab"
  },
  "897ef7a1-4860-4f64-968d-f5924b18668a": {
    "asset": 1571300046000,
    "meta": 1595141947637,
    "relativePath": "prefab\\camera.prefab"
  },
  "2c937608-2562-40ea-b264-7395df6f0cea": {
    "asset": 1571300046000,
    "meta": 1595141947642,
    "relativePath": "prefab\\canvas.prefab"
  },
  "fed185e0-b6ea-4283-8a7d-43e2e438d4d9": {
    "asset": 1595146766784,
    "meta": 1595146753747,
    "relativePath": "Prefab"
  },
  "cb0641e0-3d03-476f-8c72-796e5f18614d": {
    "asset": 1595146960370,
    "meta": 1595146960389,
    "relativePath": "Prefab\\stat.prefab"
  },
  "3484e256-00f1-43ce-b12c-eeb15fe1341a": {
    "asset": 1595149022407,
    "meta": 1595149024168,
    "relativePath": "script\\Playername.js"
  },
  "97e1cd1c-df99-4233-9513-1c9e96be8270": {
    "asset": 1595168463253,
    "meta": 1595251366818,
    "relativePath": "script\\second.js"
  },
  "e4af4cef-5717-4362-92d8-61fccba208d4": {
    "asset": 1595149083703,
    "meta": 1595149087581,
    "relativePath": "script\\battle.js"
  }
}